<resources>
    <color name="md_theme_primary">#006A6A</color>
    <color name="md_theme_onPrimary">#FFFFFF</color>
    <color name="md_theme_primaryContainer">#9CF1F1</color>
    <color name="md_theme_onPrimaryContainer">#004F50</color>
    <color name="md_theme_secondary">#4A6363</color>
    <color name="md_theme_onSecondary">#FFFFFF</color>
    <color name="md_theme_secondaryContainer">#CCE8E7</color>
    <color name="md_theme_onSecondaryContainer">#324B4B</color>
    <color name="md_theme_tertiary">#4B607C</color>
    <color name="md_theme_onTertiary">#FFFFFF</color>
    <color name="md_theme_tertiaryContainer">#D3E4FF</color>
    <color name="md_theme_onTertiaryContainer">#344863</color>
    <color name="md_theme_error">#BA1A1A</color>
    <color name="md_theme_onError">#FFFFFF</color>
    <color name="md_theme_errorContainer">#FFDAD6</color>
    <color name="md_theme_onErrorContainer">#93000A</color>
    <color name="md_theme_background">#F4FBFA</color>
    <color name="md_theme_onBackground">#161D1D</color>
    <color name="md_theme_surface">#F4FBFA</color>
    <color name="md_theme_onSurface">#161D1D</color>
    <color name="md_theme_surfaceVariant">#DAE5E4</color>
    <color name="md_theme_onSurfaceVariant">#3F4948</color>
    <color name="md_theme_outline">#6F7979</color>
    <color name="md_theme_outlineVariant">#BEC9C8</color>
    <color name="md_theme_scrim">#000000</color>
    <color name="md_theme_inverseSurface">#2B3231</color>
    <color name="md_theme_inverseOnSurface">#ECF2F1</color>
    <color name="md_theme_inversePrimary">#80D4D4</color>
    <color name="md_theme_primaryFixed">#9CF1F1</color>
    <color name="md_theme_onPrimaryFixed">#002020</color>
    <color name="md_theme_primaryFixedDim">#80D4D4</color>
    <color name="md_theme_onPrimaryFixedVariant">#004F50</color>
    <color name="md_theme_secondaryFixed">#CCE8E7</color>
    <color name="md_theme_onSecondaryFixed">#041F1F</color>
    <color name="md_theme_secondaryFixedDim">#B0CCCB</color>
    <color name="md_theme_onSecondaryFixedVariant">#324B4B</color>
    <color name="md_theme_tertiaryFixed">#D3E4FF</color>
    <color name="md_theme_onTertiaryFixed">#041C35</color>
    <color name="md_theme_tertiaryFixedDim">#B3C8E9</color>
    <color name="md_theme_onTertiaryFixedVariant">#344863</color>
    <color name="md_theme_surfaceDim">#D5DBDB</color>
    <color name="md_theme_surfaceBright">#F4FBFA</color>
    <color name="md_theme_surfaceContainerLowest">#FFFFFF</color>
    <color name="md_theme_surfaceContainerLow">#EFF5F4</color>
    <color name="md_theme_surfaceContainer">#E9EFEE</color>
    <color name="md_theme_surfaceContainerHigh">#E3E9E9</color>
    <color name="md_theme_surfaceContainerHighest">#DDE4E3</color>
    <color name="md_theme_primary_mediumContrast">#003D3D</color>
    <color name="md_theme_onPrimary_mediumContrast">#FFFFFF</color>
    <color name="md_theme_primaryContainer_mediumContrast">#16797A</color>
    <color name="md_theme_onPrimaryContainer_mediumContrast">#FFFFFF</color>
    <color name="md_theme_secondary_mediumContrast">#213A3A</color>
    <color name="md_theme_onSecondary_mediumContrast">#FFFFFF</color>
    <color name="md_theme_secondaryContainer_mediumContrast">#587271</color>
    <color name="md_theme_onSecondaryContainer_mediumContrast">#FFFFFF</color>
    <color name="md_theme_tertiary_mediumContrast">#223751</color>
    <color name="md_theme_onTertiary_mediumContrast">#FFFFFF</color>
    <color name="md_theme_tertiaryContainer_mediumContrast">#5A6E8B</color>
    <color name="md_theme_onTertiaryContainer_mediumContrast">#FFFFFF</color>
    <color name="md_theme_error_mediumContrast">#740006</color>
    <color name="md_theme_onError_mediumContrast">#FFFFFF</color>
    <color name="md_theme_errorContainer_mediumContrast">#CF2C27</color>
    <color name="md_theme_onErrorContainer_mediumContrast">#FFFFFF</color>
    <color name="md_theme_background_mediumContrast">#F4FBFA</color>
    <color name="md_theme_onBackground_mediumContrast">#161D1D</color>
    <color name="md_theme_surface_mediumContrast">#F4FBFA</color>
    <color name="md_theme_onSurface_mediumContrast">#0C1212</color>
    <color name="md_theme_surfaceVariant_mediumContrast">#DAE5E4</color>
    <color name="md_theme_onSurfaceVariant_mediumContrast">#2E3838</color>
    <color name="md_theme_outline_mediumContrast">#4A5454</color>
    <color name="md_theme_outlineVariant_mediumContrast">#656F6F</color>
    <color name="md_theme_scrim_mediumContrast">#000000</color>
    <color name="md_theme_inverseSurface_mediumContrast">#2B3231</color>
    <color name="md_theme_inverseOnSurface_mediumContrast">#ECF2F1</color>
    <color name="md_theme_inversePrimary_mediumContrast">#80D4D4</color>
    <color name="md_theme_primaryFixed_mediumContrast">#16797A</color>
    <color name="md_theme_onPrimaryFixed_mediumContrast">#FFFFFF</color>
    <color name="md_theme_primaryFixedDim_mediumContrast">#005F5F</color>
    <color name="md_theme_onPrimaryFixedVariant_mediumContrast">#FFFFFF</color>
    <color name="md_theme_secondaryFixed_mediumContrast">#587271</color>
    <color name="md_theme_onSecondaryFixed_mediumContrast">#FFFFFF</color>
    <color name="md_theme_secondaryFixedDim_mediumContrast">#405959</color>
    <color name="md_theme_onSecondaryFixedVariant_mediumContrast">#FFFFFF</color>
    <color name="md_theme_tertiaryFixed_mediumContrast">#5A6E8B</color>
    <color name="md_theme_onTertiaryFixed_mediumContrast">#FFFFFF</color>
    <color name="md_theme_tertiaryFixedDim_mediumContrast">#425672</color>
    <color name="md_theme_onTertiaryFixedVariant_mediumContrast">#FFFFFF</color>
    <color name="md_theme_surfaceDim_mediumContrast">#C1C8C7</color>
    <color name="md_theme_surfaceBright_mediumContrast">#F4FBFA</color>
    <color name="md_theme_surfaceContainerLowest_mediumContrast">#FFFFFF</color>
    <color name="md_theme_surfaceContainerLow_mediumContrast">#EFF5F4</color>
    <color name="md_theme_surfaceContainer_mediumContrast">#E3E9E9</color>
    <color name="md_theme_surfaceContainerHigh_mediumContrast">#D8DEDD</color>
    <color name="md_theme_surfaceContainerHighest_mediumContrast">#CCD3D2</color>
    <color name="md_theme_primary_highContrast">#003232</color>
    <color name="md_theme_onPrimary_highContrast">#FFFFFF</color>
    <color name="md_theme_primaryContainer_highContrast">#005252</color>
    <color name="md_theme_onPrimaryContainer_highContrast">#FFFFFF</color>
    <color name="md_theme_secondary_highContrast">#173030</color>
    <color name="md_theme_onSecondary_highContrast">#FFFFFF</color>
    <color name="md_theme_secondaryContainer_highContrast">#344E4D</color>
    <color name="md_theme_onSecondaryContainer_highContrast">#FFFFFF</color>
    <color name="md_theme_tertiary_highContrast">#182D47</color>
    <color name="md_theme_onTertiary_highContrast">#FFFFFF</color>
    <color name="md_theme_tertiaryContainer_highContrast">#364A66</color>
    <color name="md_theme_onTertiaryContainer_highContrast">#FFFFFF</color>
    <color name="md_theme_error_highContrast">#600004</color>
    <color name="md_theme_onError_highContrast">#FFFFFF</color>
    <color name="md_theme_errorContainer_highContrast">#98000A</color>
    <color name="md_theme_onErrorContainer_highContrast">#FFFFFF</color>
    <color name="md_theme_background_highContrast">#F4FBFA</color>
    <color name="md_theme_onBackground_highContrast">#161D1D</color>
    <color name="md_theme_surface_highContrast">#F4FBFA</color>
    <color name="md_theme_onSurface_highContrast">#000000</color>
    <color name="md_theme_surfaceVariant_highContrast">#DAE5E4</color>
    <color name="md_theme_onSurfaceVariant_highContrast">#000000</color>
    <color name="md_theme_outline_highContrast">#242E2E</color>
    <color name="md_theme_outlineVariant_highContrast">#414B4B</color>
    <color name="md_theme_scrim_highContrast">#000000</color>
    <color name="md_theme_inverseSurface_highContrast">#2B3231</color>
    <color name="md_theme_inverseOnSurface_highContrast">#FFFFFF</color>
    <color name="md_theme_inversePrimary_highContrast">#80D4D4</color>
    <color name="md_theme_primaryFixed_highContrast">#005252</color>
    <color name="md_theme_onPrimaryFixed_highContrast">#FFFFFF</color>
    <color name="md_theme_primaryFixedDim_highContrast">#00393A</color>
    <color name="md_theme_onPrimaryFixedVariant_highContrast">#FFFFFF</color>
    <color name="md_theme_secondaryFixed_highContrast">#344E4D</color>
    <color name="md_theme_onSecondaryFixed_highContrast">#FFFFFF</color>
    <color name="md_theme_secondaryFixedDim_highContrast">#1E3737</color>
    <color name="md_theme_onSecondaryFixedVariant_highContrast">#FFFFFF</color>
    <color name="md_theme_tertiaryFixed_highContrast">#364A66</color>
    <color name="md_theme_onTertiaryFixed_highContrast">#FFFFFF</color>
    <color name="md_theme_tertiaryFixedDim_highContrast">#1F344E</color>
    <color name="md_theme_onTertiaryFixedVariant_highContrast">#FFFFFF</color>
    <color name="md_theme_surfaceDim_highContrast">#B4BAB9</color>
    <color name="md_theme_surfaceBright_highContrast">#F4FBFA</color>
    <color name="md_theme_surfaceContainerLowest_highContrast">#FFFFFF</color>
    <color name="md_theme_surfaceContainerLow_highContrast">#ECF2F1</color>
    <color name="md_theme_surfaceContainer_highContrast">#DDE4E3</color>
    <color name="md_theme_surfaceContainerHigh_highContrast">#CFD6D5</color>
    <color name="md_theme_surfaceContainerHighest_highContrast">#C1C8C7</color>
</resources>
